/*
SQLyog Ultimate v12.4.1 (64 bit)
MySQL - 5.1.73 : Database - co_future
*********************************************************************
*/

/*!40101 SET NAMES utf8 */;

/*!40101 SET SQL_MODE=''*/;

/*!40014 SET @OLD_UNIQUE_CHECKS=@@UNIQUE_CHECKS, UNIQUE_CHECKS=0 */;
/*!40014 SET @OLD_FOREIGN_KEY_CHECKS=@@FOREIGN_KEY_CHECKS, FOREIGN_KEY_CHECKS=0 */;
/*!40101 SET @OLD_SQL_MODE=@@SQL_MODE, SQL_MODE='NO_AUTO_VALUE_ON_ZERO' */;
/*!40111 SET @OLD_SQL_NOTES=@@SQL_NOTES, SQL_NOTES=0 */;
CREATE DATABASE /*!32312 IF NOT EXISTS*/`co_future` /*!40100 DEFAULT CHARACTER SET utf8 */;

USE `co_future`;

/*Table structure for table `course` */

DROP TABLE IF EXISTS `course`;

CREATE TABLE `course` (
  `course_id` int(10) unsigned NOT NULL AUTO_INCREMENT COMMENT '自增ID',
  `title` varchar(50) NOT NULL COMMENT '标题',
  `sub_title` varchar(150) DEFAULT NULL COMMENT '副标题',
  `date` varchar(20) NOT NULL COMMENT '发表时间',
  `content` text NOT NULL COMMENT '主内容',
  `user_id` int(11) NOT NULL COMMENT '发布人',
  `type_id` tinyint(3) unsigned NOT NULL COMMENT '引用course_type类型ID',
  `views` int(10) unsigned NOT NULL DEFAULT '0' COMMENT '查看数',
  `help_to_me` int(10) unsigned NOT NULL DEFAULT '0' COMMENT '对我有帮助',
  PRIMARY KEY (`course_id`)
) ENGINE=InnoDB AUTO_INCREMENT=20 DEFAULT CHARSET=utf8;

/*Data for the table `course` */

insert  into `course`(`course_id`,`title`,`sub_title`,`date`,`content`,`user_id`,`type_id`,`views`,`help_to_me`) values 
(1,'陈二狗的妖孽人生','陈二狗的妖孽人生','2018-01-02 09:38:11','<p>陈二狗<img src=\"/ueditor/php/upload/image/20180102/1514882277751636.png\" title=\"1514882277751636.png\" alt=\"QQ截图20180102160341.png\"/>的妖孽人生</p>',1,1,574,888),
(2,'第二篇','第二篇','2017-12-26 02:41:08','<p>第二篇</p>',1,1,0,0),
(3,'title','sub_title','date','content',0,0,0,0),
(4,'11234','1234','2017-12-27 08:54:55','<p>1324</p>',1,2,1109,263),
(5,'新架构','新架构','2017-12-27 09:58:15','<p>新架构</p>',1,2,3874,968),
(6,'SOI','SOI','2017-12-27 10:00:41','<p>SOI</p>',1,1,3122,880),
(14,'777','777','2017-12-29 02:50:11','<p>777</p>',1,2,6026,569),
(17,'机器学习','机器学习','2018-01-02 08:31:30','<p>机器学习</p><p><img src=\"http://img.baidu.com/hi/jx2/j_0002.gif\"/></p>',1,12,8674,69),
(18,'Android数据统计那点事','Android数据统计那点事','2018-01-02 09:29:47','<p style=\"margin-top: 0px; margin-bottom: 0px; padding: 0px; max-width: 100%; clear: both; min-height: 1em; color: rgb(62, 62, 62); font-family: -apple-system-font, &quot;Helvetica Neue&quot;, &quot;PingFang SC&quot;, &quot;Hiragino Sans GB&quot;, &quot;Microsoft YaHei&quot;, sans-serif; white-space: normal; background-color: rgb(255, 255, 255); box-sizing: border-box !important; word-wrap: break-word !important;\">俗话说，一切不以结婚为目的的恋爱都是耍流氓，放在Android开发上，一切没有添加数据打点的开发都是耍流氓，因为你开的功能，你不知道用户的访问量是多少，不知道按钮的点击量是多少，更不知道用户是从哪里来到了你的页面。所以我们称这次开发为耍流氓。</p><p style=\"margin-top: 0px; margin-bottom: 0px; padding: 0px; max-width: 100%; clear: both; min-height: 1em; color: rgb(62, 62, 62); font-family: -apple-system-font, &quot;Helvetica Neue&quot;, &quot;PingFang SC&quot;, &quot;Hiragino Sans GB&quot;, &quot;Microsoft YaHei&quot;, sans-serif; white-space: normal; background-color: rgb(255, 255, 255); box-sizing: border-box !important; word-wrap: break-word !important;\"><br/></p><p style=\"margin-top: 0px; margin-bottom: 0px; padding: 0px; max-width: 100%; clear: both; min-height: 1em; color: rgb(62, 62, 62); font-family: -apple-system-font, &quot;Helvetica Neue&quot;, &quot;PingFang SC&quot;, &quot;Hiragino Sans GB&quot;, &quot;Microsoft YaHei&quot;, sans-serif; white-space: normal; background-color: rgb(255, 255, 255); box-sizing: border-box !important; word-wrap: break-word !important;\"><img class=\"\" src=\"http://mmbiz.qpic.cn/mmbiz_jpg/Uic0S1r5o6OvzDSKibonb0ic9sibWyVEEB9SE1hSRngw9ooV7QRP9KxVONvSs3iae4o2LGw2U2zzsk0UZOldKol6uVw/640?wx_fmt=jpeg&tp=webp&wxfrom=5&wx_lazy=1\"/></p><h2 style=\"margin: 20px 0px 10px; padding: 0px; font-size: 24px; max-width: 100%; color: rgb(62, 62, 62); white-space: normal; -webkit-print-color-adjust: exact; -webkit-font-smoothing: antialiased; cursor: text; border-bottom: 1px solid rgb(204, 204, 204); font-family: Helvetica, arial, sans-serif; background-color: rgb(255, 255, 255); box-sizing: border-box !important; word-wrap: break-word !important;\"><span style=\"margin: 0px; padding: 0px; max-width: 100%; box-sizing: border-box !important; word-wrap: break-word !important; font-size: 20px;\">一、背景</span></h2><p style=\"margin-top: 15px; margin-bottom: 15px; padding: 0px; max-width: 100%; clear: both; min-height: 1em; color: rgb(62, 62, 62); white-space: normal; -webkit-print-color-adjust: exact; font-family: Helvetica, arial, sans-serif; font-size: 14px; background-color: rgb(255, 255, 255); line-height: 2em; box-sizing: border-box !important; word-wrap: break-word !important;\"><span style=\"margin: 0px; padding: 0px; max-width: 100%; box-sizing: border-box !important; word-wrap: break-word !important; font-size: 15px;\">在技术就是生产力，数据就是生产力的前景下，大数据，云计算越来越被人们所重视，所以做为客户端开发，我们也要认识一下数据统计都有哪此方式？以及在我们日常中开发的作用，方便后期近一步的完成产品经理给的需求，近一步了解用户。 总之一句话：通过在客户端埋点，可以得用户使用客户端的行为，并最终影响商业上的决策，为客户端后期发展提供数据支撑。 首先来一张概览图 和GitHub地址：TrackDemo</span></p><p style=\"margin-top: 0px; margin-bottom: 0px; padding: 0px; max-width: 100%; clear: both; min-height: 1em; color: rgb(62, 62, 62); font-family: -apple-system-font, &quot;Helvetica Neue&quot;, &quot;PingFang SC&quot;, &quot;Hiragino Sans GB&quot;, &quot;Microsoft YaHei&quot;, sans-serif; white-space: normal; background-color: rgb(255, 255, 255); box-sizing: border-box !important; word-wrap: break-word !important;\"><img class=\"\" src=\"http://mmbiz.qpic.cn/mmbiz_png/VdC0iaib0bZxeynqMeL0amvWcJoGOh2j1bUm4jTkFM4TVbwEsTKlf7EvmC2dL38GlkNT4mYlgA5KDeBU3lUtbJYQ/640?wx_fmt=png&tp=webp&wxfrom=5&wx_lazy=1\"/></p><h2 style=\"margin: 20px 0px 10px; padding: 0px; font-size: 24px; max-width: 100%; color: rgb(62, 62, 62); white-space: normal; -webkit-print-color-adjust: exact; -webkit-font-smoothing: antialiased; cursor: text; border-bottom: 1px solid rgb(204, 204, 204); font-family: Helvetica, arial, sans-serif; background-color: rgb(255, 255, 255); box-sizing: border-box !important; word-wrap: break-word !important;\">二、打点主要分为以下四类</h2><ol class=\" list-paddingleft-2\" style=\"padding-top: 0px; padding-right: 0px; padding-bottom: 0px; max-width: 100%; color: rgb(62, 62, 62); font-family: -apple-system-font, &quot;Helvetica Neue&quot;, &quot;PingFang SC&quot;, &quot;Hiragino Sans GB&quot;, &quot;Microsoft YaHei&quot;, sans-serif; white-space: normal; background-color: rgb(255, 255, 255); box-sizing: border-box !important; word-wrap: break-word !important;\"><li><p style=\"margin-top: 0px; margin-bottom: 0px; padding: 0px; max-width: 100%; clear: both; min-height: 1em; line-height: 2em; box-sizing: border-box !important; word-wrap: break-word !important;\"><span style=\"margin: 0px; padding: 0px; max-width: 100%; box-sizing: border-box !important; word-wrap: break-word !important; font-size: 15px;\">页面浏览量打点：即PV(Page View)打点，用于统计具体的页面被访问的次数，即访问一次页面，打一次点，比如在Activity 或 Fragment的onCreate中添加打点事件。</span></p></li><li><p style=\"margin-top: 0px; margin-bottom: 0px; padding: 0px; max-width: 100%; clear: both; min-height: 1em; line-height: 2em; box-sizing: border-box !important; word-wrap: break-word !important;\"><span style=\"margin: 0px; padding: 0px; max-width: 100%; box-sizing: border-box !important; word-wrap: break-word !important; font-size: 15px;\">控件点击打点：页面中某个按钮被点需的打点记录，为什么电商App：添加购物车和购买按钮的位置都是 购买按钮在右边呢？因通常我们是右边使用手机，那离拇指最近的按钮，决定着我们操作行为，是提高购买转化率的小妙招噢！</span></p></li><li><p style=\"margin-top: 0px; margin-bottom: 0px; padding: 0px; max-width: 100%; clear: both; min-height: 1em; line-height: 2em; box-sizing: border-box !important; word-wrap: break-word !important;\"><span style=\"margin: 0px; padding: 0px; max-width: 100%; box-sizing: border-box !important; word-wrap: break-word !important; font-size: 15px;\">用户量打点，即：使用App用户量，UV(User View)的意思，即使用过该App的独立设备数。基于此定义，衍生出：DAU(日活跃用户量)。</span></p></li><li><p style=\"margin-top: 0px; margin-bottom: 0px; padding: 0px; max-width: 100%; clear: both; min-height: 1em; line-height: 2em; box-sizing: border-box !important; word-wrap: break-word !important;\"><span style=\"margin: 0px; padding: 0px; max-width: 100%; box-sizing: border-box !important; word-wrap: break-word !important; font-size: 15px;\">SPM打点，通常那些运营的H5页面，或通过RN或Weex搭建的活动页面，到底具体坑位的效果如何？又要如何调整，就用到了SPM打点了。</span></p></li></ol><h2 style=\"margin: 20px 0px 10px; padding: 0px; font-size: 24px; max-width: 100%; color: rgb(62, 62, 62); white-space: normal; -webkit-print-color-adjust: exact; -webkit-font-smoothing: antialiased; cursor: text; border-bottom: 1px solid rgb(204, 204, 204); font-family: Helvetica, arial, sans-serif; background-color: rgb(255, 255, 255); box-sizing: border-box !important; word-wrap: break-word !important;\"><span style=\"margin: 0px; padding: 0px; max-width: 100%; box-sizing: border-box !important; word-wrap: break-word !important; font-size: 20px;\">三、页面打点的实现方式和注意事项</span></h2><ul class=\" list-paddingleft-2\" style=\"padding-top: 0px; padding-right: 0px; padding-bottom: 0px; max-width: 100%; color: rgb(62, 62, 62); font-family: -apple-system-font, &quot;Helvetica Neue&quot;, &quot;PingFang SC&quot;, &quot;Hiragino Sans GB&quot;, &quot;Microsoft YaHei&quot;, sans-serif; white-space: normal; background-color: rgb(255, 255, 255); box-sizing: border-box !important; word-wrap: break-word !important;\"><li><p style=\"margin-top: 0px; margin-bottom: 0px; padding: 0px; max-width: 100%; clear: both; min-height: 1em; box-sizing: border-box !important; word-wrap: break-word !important;\">先上数据演示图：</p></li></ul><p style=\"margin-top: 0px; margin-bottom: 0px; padding: 0px; max-width: 100%; clear: both; min-height: 1em; color: rgb(62, 62, 62); font-family: -apple-system-font, &quot;Helvetica Neue&quot;, &quot;PingFang SC&quot;, &quot;Hiragino Sans GB&quot;, &quot;Microsoft YaHei&quot;, sans-serif; white-space: normal; background-color: rgb(255, 255, 255); box-sizing: border-box !important; word-wrap: break-word !important;\"><img class=\"\" src=\"http://mmbiz.qpic.cn/mmbiz_png/VdC0iaib0bZxeynqMeL0amvWcJoGOh2j1bic0rYujXdJSAibvx4N8hzbQxoBUNX5QSCFvwibeI6jkWYEw3oymMvT1dw/640?wx_fmt=png&tp=webp&wxfrom=5&wx_lazy=1\"/></p><ul class=\" list-paddingleft-2\" style=\"padding-top: 0px; padding-right: 0px; padding-bottom: 0px; max-width: 100%; color: rgb(62, 62, 62); font-family: -apple-system-font, &quot;Helvetica Neue&quot;, &quot;PingFang SC&quot;, &quot;Hiragino Sans GB&quot;, &quot;Microsoft YaHei&quot;, sans-serif; white-space: normal; background-color: rgb(255, 255, 255); box-sizing: border-box !important; word-wrap: break-word !important;\"><li><p style=\"margin-top: 0px; margin-bottom: 0px; padding: 0px; max-width: 100%; clear: both; min-height: 1em; line-height: 2em; box-sizing: border-box !important; word-wrap: break-word !important;\"><span style=\"margin: 0px; padding: 0px; max-width: 100%; box-sizing: border-box !important; word-wrap: break-word !important; font-size: 15px;\">页面浏览量打点，我们必须做到以下几点：</span></p></li><ul class=\" list-paddingleft-2\" style=\"list-style-type: square;\"><li><p style=\"margin-top: 0px; margin-bottom: 0px; padding: 0px; max-width: 100%; clear: both; min-height: 1em; line-height: 2em; box-sizing: border-box !important; word-wrap: break-word !important;\"><span style=\"margin: 0px; padding: 0px; max-width: 100%; box-sizing: border-box !important; word-wrap: break-word !important; font-size: 15px;\">Activity的 onCreate中都要添加打点代码。</span></p></li><li><p style=\"margin-top: 0px; margin-bottom: 0px; padding: 0px; max-width: 100%; clear: both; min-height: 1em; line-height: 2em; box-sizing: border-box !important; word-wrap: break-word !important;\"><span style=\"margin: 0px; padding: 0px; max-width: 100%; box-sizing: border-box !important; word-wrap: break-word !important; font-size: 15px;\">Fragment页面的 onCreate中都添加打点代码。</span></p></li><li><p style=\"margin-top: 0px; margin-bottom: 0px; padding: 0px; max-width: 100%; clear: both; min-height: 1em; line-height: 2em; box-sizing: border-box !important; word-wrap: break-word !important;\"><span style=\"margin: 0px; padding: 0px; max-width: 100%; box-sizing: border-box !important; word-wrap: break-word !important; font-size: 15px;\">代码复用度高，对开发友好。</span></p></li><li><p style=\"margin-top: 0px; margin-bottom: 0px; padding: 0px; max-width: 100%; clear: both; min-height: 1em; line-height: 2em; box-sizing: border-box !important; word-wrap: break-word !important;\"><span style=\"margin: 0px; padding: 0px; max-width: 100%; box-sizing: border-box !important; word-wrap: break-word !important; font-size: 15px;\">重复页面名称的检查功能，免得A和B定义了同样的PageName，导致线上数据出错。</span></p></li></ul></ul><p style=\"margin-top: 15px; margin-bottom: 15px; padding: 0px; max-width: 100%; clear: both; min-height: 1em; color: rgb(62, 62, 62); white-space: normal; -webkit-print-color-adjust: exact; font-family: Helvetica, arial, sans-serif; font-size: 14px; background-color: rgb(255, 255, 255); box-sizing: border-box !important; word-wrap: break-word !important;\">针对上述问题，我们来各各击破：&nbsp;</p><table width=\"903\" style=\"width: 688px;\"><thead style=\"margin: 0px; padding: 0px; max-width: 100%; box-sizing: border-box !important; word-wrap: break-word !important; -webkit-print-color-adjust: exact;\"><tr style=\"margin: 0px; padding: 0px; max-width: 100%; box-sizing: border-box !important; word-wrap: break-word !important; -webkit-print-color-adjust: exact; border-top: 1px solid rgb(204, 204, 204);\" class=\"firstRow\"><th width=\"110\" style=\"margin: 0px; padding: 6px 13px; word-break: break-all; border-color: rgb(204, 204, 204); background-image: initial; background-position: initial; background-size: initial; background-repeat: initial; background-attachment: initial; background-origin: initial; background-clip: initial; max-width: 100%; -webkit-print-color-adjust: exact; word-wrap: break-word !important; box-sizing: border-box !important;\">功能列表</th><th width=\"151\" style=\"margin: 0px; padding: 6px 13px; word-break: break-all; border-color: rgb(204, 204, 204); background-image: initial; background-position: initial; background-size: initial; background-repeat: initial; background-attachment: initial; background-origin: initial; background-clip: initial; max-width: 100%; -webkit-print-color-adjust: exact; word-wrap: break-word !important; box-sizing: border-box !important;\">推荐实现方案</th><th width=\"190\" style=\"margin: 0px; padding: 6px 13px; word-break: break-all; border-color: rgb(204, 204, 204); background-image: initial; background-position: initial; background-size: initial; background-repeat: initial; background-attachment: initial; background-origin: initial; background-clip: initial; max-width: 100%; -webkit-print-color-adjust: exact; word-wrap: break-word !important; box-sizing: border-box !important;\">普通实现方案</th></tr></thead><tbody style=\"margin: 0px; padding: 0px; max-width: 100%; box-sizing: border-box !important; word-wrap: break-word !important; -webkit-print-color-adjust: exact;\"><tr style=\"margin: 0px; padding: 0px; max-width: 100%; box-sizing: border-box !important; word-wrap: break-word !important; -webkit-print-color-adjust: exact; border-top: 1px solid rgb(204, 204, 204);\"><td width=\"109\" style=\"margin: 0px; padding: 6px 13px; word-break: break-all; border-color: rgb(204, 204, 204); max-width: 100%; -webkit-print-color-adjust: exact; word-wrap: break-word !important; box-sizing: border-box !important;\"><span style=\"margin: 0px; padding: 0px; max-width: 100%; box-sizing: border-box !important; word-wrap: break-word !important; font-size: 14px;\">Activity onCreate添加页面事件打点</span></td><td width=\"172\" style=\"margin: 0px; padding: 6px 13px; word-break: break-all; border-color: rgb(204, 204, 204); max-width: 100%; -webkit-print-color-adjust: exact; word-wrap: break-word !important; box-sizing: border-box !important;\"><span style=\"margin: 0px; padding: 0px; max-width: 100%; box-sizing: border-box !important; word-wrap: break-word !important; font-size: 14px;\">通过ActivityLifecycleCallbacks动态实现</span></td><td width=\"173\" style=\"margin: 0px; padding: 6px 13px; word-break: break-all; border-color: rgb(204, 204, 204); max-width: 100%; -webkit-print-color-adjust: exact; word-wrap: break-word !important; box-sizing: border-box !important;\"><span style=\"margin: 0px; padding: 0px; max-width: 100%; box-sizing: border-box !important; word-wrap: break-word !important; font-size: 14px;\">继承或每个Ac中添加打点代码</span></td></tr><tr style=\"margin: 0px; padding: 0px; max-width: 100%; box-sizing: border-box !important; word-wrap: break-word !important; -webkit-print-color-adjust: exact; border-top: 1px solid rgb(204, 204, 204); background-color: rgb(248, 248, 248);\"><td width=\"109\" style=\"margin: 0px; padding: 6px 13px; word-break: break-all; border-color: rgb(204, 204, 204); max-width: 100%; -webkit-print-color-adjust: exact; word-wrap: break-word !important; box-sizing: border-box !important;\"><span style=\"margin: 0px; padding: 0px; max-width: 100%; box-sizing: border-box !important; word-wrap: break-word !important; font-size: 14px;\">Frag onCreate添加页面事件打点</span></td><td width=\"172\" style=\"margin: 0px; padding: 6px 13px; word-break: break-all; border-color: rgb(204, 204, 204); max-width: 100%; -webkit-print-color-adjust: exact; word-wrap: break-word !important; box-sizing: border-box !important;\"><span style=\"margin: 0px; padding: 0px; max-width: 100%; box-sizing: border-box !important; word-wrap: break-word !important; font-size: 14px;\">继承的BaseFragment中实现打点</span></td><td width=\"173\" style=\"margin: 0px; padding: 6px 13px; word-break: break-all; border-color: rgb(204, 204, 204); max-width: 100%; -webkit-print-color-adjust: exact; word-wrap: break-word !important; box-sizing: border-box !important;\"><span style=\"margin: 0px; padding: 0px; max-width: 100%; box-sizing: border-box !important; word-wrap: break-word !important; font-size: 14px;\">每个Fragment自已实现</span></td></tr><tr style=\"margin: 0px; padding: 0px; max-width: 100%; box-sizing: border-box !important; word-wrap: break-word !important; -webkit-print-color-adjust: exact; border-top: 1px solid rgb(204, 204, 204);\"><td width=\"109\" style=\"margin: 0px; padding: 6px 13px; word-break: break-all; border-color: rgb(204, 204, 204); max-width: 100%; -webkit-print-color-adjust: exact; word-wrap: break-word !important; box-sizing: border-box !important;\"><span style=\"margin: 0px; padding: 0px; max-width: 100%; box-sizing: border-box !important; word-wrap: break-word !important; font-size: 14px;\">代码复用度高</span></td><td width=\"172\" style=\"margin: 0px; padding: 6px 13px; word-break: break-all; border-color: rgb(204, 204, 204); max-width: 100%; -webkit-print-color-adjust: exact; word-wrap: break-word !important; box-sizing: border-box !important;\"><span style=\"margin: 0px; padding: 0px; max-width: 100%; box-sizing: border-box !important; word-wrap: break-word !important; font-size: 14px;\">按如上推荐方案，只需要实现页面名称和参数即可</span></td><td width=\"173\" style=\"margin: 0px; padding: 6px 13px; word-break: break-all; border-color: rgb(204, 204, 204); max-width: 100%; -webkit-print-color-adjust: exact; word-wrap: break-word !important; box-sizing: border-box !important;\"><span style=\"margin: 0px; padding: 0px; max-width: 100%; box-sizing: border-box !important; word-wrap: break-word !important; font-size: 14px;\">每个页面都要写同样的代码，哪天替换打点方案时，涉及页面众多</span></td></tr><tr style=\"margin: 0px; padding: 0px; max-width: 100%; box-sizing: border-box !important; word-wrap: break-word !important; -webkit-print-color-adjust: exact; border-top: 1px solid rgb(204, 204, 204); background-color: rgb(248, 248, 248);\"><td width=\"109\" style=\"margin: 0px; padding: 6px 13px; word-break: break-all; border-color: rgb(204, 204, 204); max-width: 100%; -webkit-print-color-adjust: exact; word-wrap: break-word !important; box-sizing: border-box !important;\"><span style=\"margin: 0px; padding: 0px; max-width: 100%; box-sizing: border-box !important; word-wrap: break-word !important; font-size: 14px;\">页面名称重复命名的问题</span></td><td width=\"172\" style=\"margin: 0px; padding: 6px 13px; word-break: break-all; border-color: rgb(204, 204, 204); max-width: 100%; -webkit-print-color-adjust: exact; word-wrap: break-word !important; box-sizing: border-box !important;\"><span style=\"margin: 0px; padding: 0px; max-width: 100%; box-sizing: border-box !important; word-wrap: break-word !important; font-size: 14px;\">通过反射查出相同字符串并报错</span></td><td width=\"173\" style=\"margin: 0px; padding: 6px 13px; word-break: break-all; border-color: rgb(204, 204, 204); max-width: 100%; -webkit-print-color-adjust: exact; word-wrap: break-word !important; box-sizing: border-box !important;\"><span style=\"margin: 0px; padding: 0px; max-width: 100%; box-sizing: border-box !important; word-wrap: break-word !important; font-size: 14px;\">人为肉眼保证</span></td></tr></tbody></table><p style=\"margin-top: 15px; margin-bottom: 15px; padding: 0px; max-width: 100%; clear: both; min-height: 1em; color: rgb(62, 62, 62); white-space: normal; -webkit-print-color-adjust: exact; font-family: Helvetica, arial, sans-serif; font-size: 14px; background-color: rgb(255, 255, 255); box-sizing: border-box !important; word-wrap: break-word !important;\">所以综上所述的实现代码如下：</p><ul class=\" list-paddingleft-2\" style=\"padding-top: 0px; padding-right: 0px; padding-bottom: 0px; max-width: 100%; color: rgb(62, 62, 62); font-family: -apple-system-font, &quot;Helvetica Neue&quot;, &quot;PingFang SC&quot;, &quot;Hiragino Sans GB&quot;, &quot;Microsoft YaHei&quot;, sans-serif; white-space: normal; background-color: rgb(255, 255, 255); box-sizing: border-box !important; word-wrap: break-word !important;\"><li><p style=\"margin-top: 0px; margin-bottom: 0px; padding: 0px; max-width: 100%; clear: both; min-height: 1em; box-sizing: border-box !important; word-wrap: break-word !important;\"><span style=\"margin: 0px; padding: 0px; max-width: 100%; box-sizing: border-box !important; word-wrap: break-word !important; font-size: 15px;\">Activity的实现如下,通过ActivityLifecycleCallbacks 实现Activity的页面打点。</span></p></li></ul><pre style=\"margin-top: 15px; margin-bottom: 15px; padding: 6px 10px; max-width: 100%; color: rgb(62, 62, 62); background-color: rgb(255, 255, 255); -webkit-print-color-adjust: exact; border: 1px solid rgb(204, 204, 204); font-size: 13px; line-height: 19px; overflow: auto; border-radius: 3px; box-sizing: border-box !important; word-wrap: break-word !important;\">public&nbsp;class&nbsp;MyApp&nbsp;extends&nbsp;Application&nbsp;{\n&nbsp;&nbsp;&nbsp;&nbsp;public&nbsp;static&nbsp;String&nbsp;TAG&nbsp;=&nbsp;&quot;MyApp&quot;;\n\n&nbsp;&nbsp;&nbsp;&nbsp;private&nbsp;static&nbsp;MyApp&nbsp;app;\n\n&nbsp;&nbsp;&nbsp;&nbsp;@Override\n&nbsp;&nbsp;&nbsp;&nbsp;public&nbsp;void&nbsp;onCreate()&nbsp;{\n&nbsp;&nbsp;&nbsp;&nbsp;&nbsp;&nbsp;&nbsp;&nbsp;super.onCreate();\n&nbsp;&nbsp;&nbsp;&nbsp;&nbsp;&nbsp;&nbsp;&nbsp;app&nbsp;=&nbsp;this;\n&nbsp;&nbsp;&nbsp;&nbsp;&nbsp;&nbsp;&nbsp;&nbsp;this.registerActivityLifecycleCallbacks(new&nbsp;ActivityLifecycleCallbacks()&nbsp;{\n\n&nbsp;&nbsp;&nbsp;&nbsp;&nbsp;&nbsp;&nbsp;&nbsp;&nbsp;&nbsp;&nbsp;&nbsp;@Override\n&nbsp;&nbsp;&nbsp;&nbsp;&nbsp;&nbsp;&nbsp;&nbsp;&nbsp;&nbsp;&nbsp;&nbsp;public&nbsp;void&nbsp;onActivityStopped(Activity&nbsp;activity)&nbsp;{\n&nbsp;&nbsp;&nbsp;&nbsp;&nbsp;&nbsp;&nbsp;&nbsp;&nbsp;&nbsp;&nbsp;&nbsp;&nbsp;&nbsp;&nbsp;&nbsp;Log.v(TAG,&nbsp;activity.getClass().getName()&nbsp;+&nbsp;&quot;onActivityStopped&quot;);\n&nbsp;&nbsp;&nbsp;&nbsp;&nbsp;&nbsp;&nbsp;&nbsp;&nbsp;&nbsp;&nbsp;&nbsp;}\n\n&nbsp;&nbsp;&nbsp;&nbsp;&nbsp;&nbsp;&nbsp;&nbsp;&nbsp;&nbsp;&nbsp;&nbsp;@Override\n&nbsp;&nbsp;&nbsp;&nbsp;&nbsp;&nbsp;&nbsp;&nbsp;&nbsp;&nbsp;&nbsp;&nbsp;public&nbsp;void&nbsp;onActivityStarted(Activity&nbsp;activity)&nbsp;{\n\n&nbsp;&nbsp;&nbsp;&nbsp;&nbsp;&nbsp;&nbsp;&nbsp;&nbsp;&nbsp;&nbsp;&nbsp;&nbsp;&nbsp;&nbsp;&nbsp;Log.v(TAG,&nbsp;activity.getClass().getName()&nbsp;+&nbsp;&quot;onActivityStarted&quot;);\n&nbsp;&nbsp;&nbsp;&nbsp;&nbsp;&nbsp;&nbsp;&nbsp;&nbsp;&nbsp;&nbsp;&nbsp;}\n\n&nbsp;&nbsp;&nbsp;&nbsp;&nbsp;&nbsp;&nbsp;&nbsp;&nbsp;&nbsp;&nbsp;&nbsp;@Override\n&nbsp;&nbsp;&nbsp;&nbsp;&nbsp;&nbsp;&nbsp;&nbsp;&nbsp;&nbsp;&nbsp;&nbsp;public&nbsp;void&nbsp;onActivitySaveInstanceState(Activity&nbsp;activity,&nbsp;Bundle&nbsp;outState)&nbsp;{\n&nbsp;&nbsp;&nbsp;&nbsp;&nbsp;&nbsp;&nbsp;&nbsp;&nbsp;&nbsp;&nbsp;&nbsp;&nbsp;&nbsp;&nbsp;&nbsp;Log.v(TAG,&nbsp;activity.getClass().getName()&nbsp;+&nbsp;&quot;onActivitySaveInstanceState&quot;);\n&nbsp;&nbsp;&nbsp;&nbsp;&nbsp;&nbsp;&nbsp;&nbsp;&nbsp;&nbsp;&nbsp;&nbsp;}\n\n&nbsp;&nbsp;&nbsp;&nbsp;&nbsp;&nbsp;&nbsp;&nbsp;&nbsp;&nbsp;&nbsp;&nbsp;@Override\n&nbsp;&nbsp;&nbsp;&nbsp;&nbsp;&nbsp;&nbsp;&nbsp;&nbsp;&nbsp;&nbsp;&nbsp;public&nbsp;void&nbsp;onActivityResumed(Activity&nbsp;activity)&nbsp;{\n&nbsp;&nbsp;&nbsp;&nbsp;&nbsp;&nbsp;&nbsp;&nbsp;&nbsp;&nbsp;&nbsp;&nbsp;&nbsp;&nbsp;&nbsp;&nbsp;Log.v(TAG,&nbsp;activity.getClass().getName()&nbsp;+&nbsp;&quot;onActivityResumed&quot;);\n&nbsp;&nbsp;&nbsp;&nbsp;&nbsp;&nbsp;&nbsp;&nbsp;&nbsp;&nbsp;&nbsp;&nbsp;}\n\n&nbsp;&nbsp;&nbsp;&nbsp;&nbsp;&nbsp;&nbsp;&nbsp;&nbsp;&nbsp;&nbsp;&nbsp;@Override\n&nbsp;&nbsp;&nbsp;&nbsp;&nbsp;&nbsp;&nbsp;&nbsp;&nbsp;&nbsp;&nbsp;&nbsp;public&nbsp;void&nbsp;onActivityPaused(Activity&nbsp;activity)&nbsp;{\n&nbsp;&nbsp;&nbsp;&nbsp;&nbsp;&nbsp;&nbsp;&nbsp;&nbsp;&nbsp;&nbsp;&nbsp;&nbsp;&nbsp;&nbsp;&nbsp;Log.v(TAG,&nbsp;activity.getClass().getName()&nbsp;+&nbsp;&quot;onActivityPaused&quot;);\n&nbsp;&nbsp;&nbsp;&nbsp;&nbsp;&nbsp;&nbsp;&nbsp;&nbsp;&nbsp;&nbsp;&nbsp;}\n\n&nbsp;&nbsp;&nbsp;&nbsp;&nbsp;&nbsp;&nbsp;&nbsp;&nbsp;&nbsp;&nbsp;&nbsp;@Override\n&nbsp;&nbsp;&nbsp;&nbsp;&nbsp;&nbsp;&nbsp;&nbsp;&nbsp;&nbsp;&nbsp;&nbsp;public&nbsp;void&nbsp;onActivityDestroyed(Activity&nbsp;activity)&nbsp;{\n&nbsp;&nbsp;&nbsp;&nbsp;&nbsp;&nbsp;&nbsp;&nbsp;&nbsp;&nbsp;&nbsp;&nbsp;&nbsp;&nbsp;&nbsp;&nbsp;Log.v(TAG,&nbsp;activity.getClass().getName()&nbsp;+&nbsp;&quot;onActivityDestroyed&quot;);\n&nbsp;&nbsp;&nbsp;&nbsp;&nbsp;&nbsp;&nbsp;&nbsp;&nbsp;&nbsp;&nbsp;&nbsp;}\n\n&nbsp;&nbsp;&nbsp;&nbsp;&nbsp;&nbsp;&nbsp;&nbsp;&nbsp;&nbsp;&nbsp;&nbsp;@Override\n&nbsp;&nbsp;&nbsp;&nbsp;&nbsp;&nbsp;&nbsp;&nbsp;&nbsp;&nbsp;&nbsp;&nbsp;public&nbsp;void&nbsp;onActivityCreated(Activity&nbsp;activity,&nbsp;Bundle&nbsp;savedInstanceState)&nbsp;{\n&nbsp;&nbsp;&nbsp;&nbsp;&nbsp;&nbsp;&nbsp;&nbsp;&nbsp;&nbsp;&nbsp;&nbsp;&nbsp;&nbsp;&nbsp;&nbsp;Log.v(TAG,&nbsp;activity.getClass().getName()&nbsp;+&nbsp;&quot;onActivityCreated&quot;);\n&nbsp;&nbsp;&nbsp;&nbsp;&nbsp;&nbsp;&nbsp;&nbsp;&nbsp;&nbsp;&nbsp;&nbsp;&nbsp;&nbsp;&nbsp;&nbsp;if&nbsp;(activity&nbsp;instanceof&nbsp;Track)&nbsp;{\n&nbsp;&nbsp;&nbsp;&nbsp;&nbsp;&nbsp;&nbsp;&nbsp;&nbsp;&nbsp;&nbsp;&nbsp;&nbsp;&nbsp;&nbsp;&nbsp;&nbsp;&nbsp;&nbsp;&nbsp;Track&nbsp;track&nbsp;=&nbsp;(Track)&nbsp;activity;\n&nbsp;&nbsp;&nbsp;&nbsp;&nbsp;&nbsp;&nbsp;&nbsp;&nbsp;&nbsp;&nbsp;&nbsp;&nbsp;&nbsp;&nbsp;&nbsp;&nbsp;&nbsp;&nbsp;&nbsp;if&nbsp;(!TextUtils.isEmpty(track.getPageName()))&nbsp;{\n&nbsp;&nbsp;&nbsp;&nbsp;&nbsp;&nbsp;&nbsp;&nbsp;&nbsp;&nbsp;&nbsp;&nbsp;&nbsp;&nbsp;&nbsp;&nbsp;&nbsp;&nbsp;&nbsp;&nbsp;&nbsp;&nbsp;&nbsp;&nbsp;trackPage(track.getPageName(),&nbsp;track.getTrackParam());\n&nbsp;&nbsp;&nbsp;&nbsp;&nbsp;&nbsp;&nbsp;&nbsp;&nbsp;&nbsp;&nbsp;&nbsp;&nbsp;&nbsp;&nbsp;&nbsp;&nbsp;&nbsp;&nbsp;&nbsp;}\n&nbsp;&nbsp;&nbsp;&nbsp;&nbsp;&nbsp;&nbsp;&nbsp;&nbsp;&nbsp;&nbsp;&nbsp;&nbsp;&nbsp;&nbsp;&nbsp;}\n\n&nbsp;&nbsp;&nbsp;&nbsp;&nbsp;&nbsp;&nbsp;&nbsp;&nbsp;&nbsp;&nbsp;&nbsp;}\n&nbsp;&nbsp;&nbsp;&nbsp;&nbsp;&nbsp;&nbsp;&nbsp;});\n&nbsp;&nbsp;&nbsp;&nbsp;}\n\n&nbsp;&nbsp;&nbsp;&nbsp;public&nbsp;static&nbsp;MyApp&nbsp;getApp()&nbsp;{\n\n&nbsp;&nbsp;&nbsp;&nbsp;&nbsp;&nbsp;&nbsp;&nbsp;return&nbsp;app;\n&nbsp;&nbsp;&nbsp;&nbsp;}\n\n&nbsp;&nbsp;&nbsp;&nbsp;public&nbsp;void&nbsp;trackPage(String&nbsp;pageName,&nbsp;Map&lt;String,&nbsp;String&gt;&nbsp;params)&nbsp;{\n&nbsp;&nbsp;&nbsp;&nbsp;&nbsp;&nbsp;&nbsp;&nbsp;Log.d(TAG,&nbsp;&quot;track&nbsp;page:&nbsp;&quot;&nbsp;+&nbsp;pageName);\n&nbsp;&nbsp;&nbsp;&nbsp;}\n\n&nbsp;&nbsp;&nbsp;&nbsp;public&nbsp;void&nbsp;trackClick(String&nbsp;click,&nbsp;Map&lt;String,&nbsp;String&gt;&nbsp;params)&nbsp;{\n&nbsp;&nbsp;&nbsp;&nbsp;&nbsp;&nbsp;&nbsp;&nbsp;Log.d(TAG,&nbsp;&quot;track&nbsp;click:&nbsp;&quot;&nbsp;+&nbsp;click);\n&nbsp;&nbsp;&nbsp;&nbsp;}\n}</pre><ul class=\" list-paddingleft-2\" style=\"padding-top: 0px; padding-right: 0px; padding-bottom: 0px; max-width: 100%; color: rgb(62, 62, 62); font-family: -apple-system-font, &quot;Helvetica Neue&quot;, &quot;PingFang SC&quot;, &quot;Hiragino Sans GB&quot;, &quot;Microsoft YaHei&quot;, sans-serif; white-space: normal; background-color: rgb(255, 255, 255); box-sizing: border-box !important; word-wrap: break-word !important;\"><li><p style=\"margin-top: 0px; margin-bottom: 0px; padding: 0px; max-width: 100%; clear: both; min-height: 1em; box-sizing: border-box !important; word-wrap: break-word !important;\">Fragment的页面打点实现如下：</p></li></ul><pre style=\"margin-top: 15px; margin-bottom: 15px; padding: 6px 10px; max-width: 100%; color: rgb(62, 62, 62); background-color: rgb(255, 255, 255); -webkit-print-color-adjust: exact; border: 1px solid rgb(204, 204, 204); font-size: 13px; line-height: 19px; overflow: auto; border-radius: 3px; box-sizing: border-box !important; word-wrap: break-word !important;\">public&nbsp;class&nbsp;BaseFragment&nbsp;extends&nbsp;Fragment&nbsp;implements&nbsp;Track&nbsp;{\n\n\n&nbsp;&nbsp;&nbsp;&nbsp;@Override\n&nbsp;&nbsp;&nbsp;&nbsp;public&nbsp;void&nbsp;onCreate(Bundle&nbsp;savedInstanceState)&nbsp;{\n&nbsp;&nbsp;&nbsp;&nbsp;&nbsp;&nbsp;&nbsp;&nbsp;super.onCreate(savedInstanceState);\n&nbsp;&nbsp;&nbsp;&nbsp;&nbsp;&nbsp;&nbsp;&nbsp;if&nbsp;(!TextUtils.isEmpty(getPageName()))&nbsp;{\n&nbsp;&nbsp;&nbsp;&nbsp;&nbsp;&nbsp;&nbsp;&nbsp;&nbsp;&nbsp;&nbsp;&nbsp;MyApp.getApp().trackPage(getPageName(),&nbsp;getTrackParam());\n&nbsp;&nbsp;&nbsp;&nbsp;&nbsp;&nbsp;&nbsp;&nbsp;}\n&nbsp;&nbsp;&nbsp;&nbsp;}\n\n\n&nbsp;&nbsp;&nbsp;&nbsp;/**\n&nbsp;&nbsp;&nbsp;&nbsp;&nbsp;*&nbsp;业务页面实现需要覆盖此方法\n&nbsp;&nbsp;&nbsp;&nbsp;&nbsp;*\n&nbsp;&nbsp;&nbsp;&nbsp;&nbsp;*&nbsp;@return\n&nbsp;&nbsp;&nbsp;&nbsp;&nbsp;*/\n&nbsp;&nbsp;&nbsp;&nbsp;public&nbsp;Map&lt;String,&nbsp;String&gt;&nbsp;getTrackParam()&nbsp;{\n&nbsp;&nbsp;&nbsp;&nbsp;&nbsp;&nbsp;&nbsp;&nbsp;return&nbsp;new&nbsp;HashMap&lt;&gt;();\n&nbsp;&nbsp;&nbsp;&nbsp;}\n\n\n&nbsp;&nbsp;&nbsp;&nbsp;/**\n&nbsp;&nbsp;&nbsp;&nbsp;&nbsp;*&nbsp;返回页面名称，当为空时，代表此页面不执行打点\n&nbsp;&nbsp;&nbsp;&nbsp;&nbsp;*\n&nbsp;&nbsp;&nbsp;&nbsp;&nbsp;*&nbsp;@return\n&nbsp;&nbsp;&nbsp;&nbsp;&nbsp;*/\n&nbsp;&nbsp;&nbsp;&nbsp;@Override\n&nbsp;&nbsp;&nbsp;&nbsp;public&nbsp;String&nbsp;getPageName()&nbsp;{\n&nbsp;&nbsp;&nbsp;&nbsp;&nbsp;&nbsp;&nbsp;&nbsp;return&nbsp;&quot;&quot;;\n&nbsp;&nbsp;&nbsp;&nbsp;}\n\n}\n\n具体的业务类的实现就可以这样：\n\npublic&nbsp;class&nbsp;MainFragment&nbsp;extends&nbsp;BaseFragment&nbsp;{\n\n\n&nbsp;&nbsp;&nbsp;&nbsp;@Override\n&nbsp;&nbsp;&nbsp;&nbsp;public&nbsp;void&nbsp;onCreate(Bundle&nbsp;savedInstanceState)&nbsp;{\n&nbsp;&nbsp;&nbsp;&nbsp;&nbsp;&nbsp;&nbsp;&nbsp;super.onCreate(savedInstanceState);\n&nbsp;&nbsp;&nbsp;&nbsp;}\n\n&nbsp;&nbsp;&nbsp;&nbsp;/**\n&nbsp;&nbsp;&nbsp;&nbsp;&nbsp;*&nbsp;业务页面实现需要覆盖此方法\n&nbsp;&nbsp;&nbsp;&nbsp;&nbsp;*\n&nbsp;&nbsp;&nbsp;&nbsp;&nbsp;*&nbsp;@return\n&nbsp;&nbsp;&nbsp;&nbsp;&nbsp;*/\n&nbsp;&nbsp;&nbsp;&nbsp;public&nbsp;Map&lt;String,&nbsp;String&gt;&nbsp;getTrackParam()&nbsp;{\n&nbsp;&nbsp;&nbsp;&nbsp;&nbsp;&nbsp;&nbsp;&nbsp;return&nbsp;new&nbsp;HashMap&lt;&gt;();\n&nbsp;&nbsp;&nbsp;&nbsp;}\n\n\n&nbsp;&nbsp;&nbsp;&nbsp;/**\n&nbsp;&nbsp;&nbsp;&nbsp;&nbsp;*&nbsp;返回页面名称，当为空时，代表此页面不执行打点\n&nbsp;&nbsp;&nbsp;&nbsp;&nbsp;*\n&nbsp;&nbsp;&nbsp;&nbsp;&nbsp;*&nbsp;@return\n&nbsp;&nbsp;&nbsp;&nbsp;&nbsp;*/\n&nbsp;&nbsp;&nbsp;&nbsp;@Override\n&nbsp;&nbsp;&nbsp;&nbsp;public&nbsp;String&nbsp;getPageName()&nbsp;{\n&nbsp;&nbsp;&nbsp;&nbsp;&nbsp;&nbsp;&nbsp;&nbsp;return&nbsp;PageNames.PAGE_MAIN;\n&nbsp;&nbsp;&nbsp;&nbsp;}\n}</pre><ul class=\" list-paddingleft-2\" style=\"padding-top: 0px; padding-right: 0px; padding-bottom: 0px; max-width: 100%; color: rgb(62, 62, 62); font-family: -apple-system-font, &quot;Helvetica Neue&quot;, &quot;PingFang SC&quot;, &quot;Hiragino Sans GB&quot;, &quot;Microsoft YaHei&quot;, sans-serif; white-space: normal; background-color: rgb(255, 255, 255); box-sizing: border-box !important; word-wrap: break-word !important;\"><li><p style=\"margin-top: 0px; margin-bottom: 0px; padding: 0px; max-width: 100%; clear: both; min-height: 1em; box-sizing: border-box !important; word-wrap: break-word !important;\">按照上方的代码实现后，就直接到最后一个问题：编写如下反射代码，查找是否有重复的页面命名。</p></li></ul><pre style=\"margin-top: 15px; margin-bottom: 15px; padding: 6px 10px; max-width: 100%; color: rgb(62, 62, 62); background-color: rgb(255, 255, 255); -webkit-print-color-adjust: exact; border: 1px solid rgb(204, 204, 204); font-size: 13px; line-height: 19px; overflow: auto; border-radius: 3px; box-sizing: border-box !important; word-wrap: break-word !important;\">\n&nbsp;/**\n&nbsp;&nbsp;&nbsp;&nbsp;&nbsp;*&nbsp;检查页面名称是否有重复\n&nbsp;&nbsp;&nbsp;&nbsp;&nbsp;*&nbsp;@param&nbsp;trackName\n&nbsp;&nbsp;&nbsp;&nbsp;&nbsp;*&nbsp;@return\n&nbsp;&nbsp;&nbsp;&nbsp;&nbsp;*/\n&nbsp;&nbsp;&nbsp;&nbsp;public&nbsp;static&nbsp;boolean&nbsp;checkIfHaveMutiPageName(PageNames&nbsp;trackName)&nbsp;{\n&nbsp;&nbsp;&nbsp;&nbsp;&nbsp;&nbsp;&nbsp;&nbsp;Class&nbsp;userCla&nbsp;=&nbsp;(Class)&nbsp;trackName.getClass();\n&nbsp;&nbsp;&nbsp;&nbsp;&nbsp;&nbsp;&nbsp;&nbsp;List&lt;String&gt;&nbsp;pageList&nbsp;=&nbsp;new&nbsp;ArrayList&lt;String&gt;();\n\n&nbsp;&nbsp;&nbsp;&nbsp;&nbsp;&nbsp;&nbsp;/*\n&nbsp;&nbsp;&nbsp;&nbsp;&nbsp;&nbsp;&nbsp;&nbsp;*&nbsp;得到类中的所有属性集合\n&nbsp;&nbsp;&nbsp;&nbsp;&nbsp;&nbsp;&nbsp;&nbsp;*/\n&nbsp;&nbsp;&nbsp;&nbsp;&nbsp;&nbsp;&nbsp;&nbsp;Field[]&nbsp;fs&nbsp;=&nbsp;userCla.getDeclaredFields();\n&nbsp;&nbsp;&nbsp;&nbsp;&nbsp;&nbsp;&nbsp;&nbsp;for&nbsp;(int&nbsp;i&nbsp;=&nbsp;0;&nbsp;i&nbsp;&lt;&nbsp;fs.length;&nbsp;i++)&nbsp;{\n&nbsp;&nbsp;&nbsp;&nbsp;&nbsp;&nbsp;&nbsp;&nbsp;&nbsp;&nbsp;&nbsp;&nbsp;Field&nbsp;f&nbsp;=&nbsp;fs[i];\n&nbsp;&nbsp;&nbsp;&nbsp;&nbsp;&nbsp;&nbsp;&nbsp;&nbsp;&nbsp;&nbsp;&nbsp;f.setAccessible(true);&nbsp;//设置些属性是可以访问的\n&nbsp;&nbsp;&nbsp;&nbsp;&nbsp;&nbsp;&nbsp;&nbsp;&nbsp;&nbsp;&nbsp;&nbsp;Object&nbsp;val&nbsp;=&nbsp;null;//得到此属性的值\n&nbsp;&nbsp;&nbsp;&nbsp;&nbsp;&nbsp;&nbsp;&nbsp;&nbsp;&nbsp;&nbsp;&nbsp;try&nbsp;{\n&nbsp;&nbsp;&nbsp;&nbsp;&nbsp;&nbsp;&nbsp;&nbsp;&nbsp;&nbsp;&nbsp;&nbsp;&nbsp;&nbsp;&nbsp;&nbsp;val&nbsp;=&nbsp;f.get(trackName);\n&nbsp;&nbsp;&nbsp;&nbsp;&nbsp;&nbsp;&nbsp;&nbsp;&nbsp;&nbsp;&nbsp;&nbsp;&nbsp;&nbsp;&nbsp;&nbsp;//&nbsp;L.d(&quot;name:&quot;&nbsp;+&nbsp;f.getName()&nbsp;+&nbsp;&quot;value&nbsp;=&nbsp;&quot;&nbsp;+&nbsp;val.toString());\n&nbsp;&nbsp;&nbsp;&nbsp;&nbsp;&nbsp;&nbsp;&nbsp;&nbsp;&nbsp;&nbsp;&nbsp;&nbsp;&nbsp;&nbsp;&nbsp;String&nbsp;pageName&nbsp;=&nbsp;val.toString();\n&nbsp;&nbsp;&nbsp;&nbsp;&nbsp;&nbsp;&nbsp;&nbsp;&nbsp;&nbsp;&nbsp;&nbsp;&nbsp;&nbsp;&nbsp;&nbsp;if&nbsp;(pageList.contains(pageName))&nbsp;{\n&nbsp;&nbsp;&nbsp;&nbsp;&nbsp;&nbsp;&nbsp;&nbsp;&nbsp;&nbsp;&nbsp;&nbsp;&nbsp;&nbsp;&nbsp;&nbsp;&nbsp;&nbsp;&nbsp;&nbsp;return&nbsp;true;\n&nbsp;&nbsp;&nbsp;&nbsp;&nbsp;&nbsp;&nbsp;&nbsp;&nbsp;&nbsp;&nbsp;&nbsp;&nbsp;&nbsp;&nbsp;&nbsp;}&nbsp;else&nbsp;{\n&nbsp;&nbsp;&nbsp;&nbsp;&nbsp;&nbsp;&nbsp;&nbsp;&nbsp;&nbsp;&nbsp;&nbsp;&nbsp;&nbsp;&nbsp;&nbsp;&nbsp;&nbsp;&nbsp;&nbsp;pageList.add(pageName);\n&nbsp;&nbsp;&nbsp;&nbsp;&nbsp;&nbsp;&nbsp;&nbsp;&nbsp;&nbsp;&nbsp;&nbsp;&nbsp;&nbsp;&nbsp;&nbsp;}\n&nbsp;&nbsp;&nbsp;&nbsp;&nbsp;&nbsp;&nbsp;&nbsp;&nbsp;&nbsp;&nbsp;&nbsp;}&nbsp;catch&nbsp;(IllegalAccessException&nbsp;e)&nbsp;{\n&nbsp;&nbsp;&nbsp;&nbsp;&nbsp;&nbsp;&nbsp;&nbsp;&nbsp;&nbsp;&nbsp;&nbsp;&nbsp;&nbsp;&nbsp;&nbsp;e.printStackTrace();\n&nbsp;&nbsp;&nbsp;&nbsp;&nbsp;&nbsp;&nbsp;&nbsp;&nbsp;&nbsp;&nbsp;&nbsp;}\n&nbsp;&nbsp;&nbsp;&nbsp;&nbsp;&nbsp;&nbsp;&nbsp;}\n&nbsp;&nbsp;&nbsp;&nbsp;&nbsp;&nbsp;&nbsp;&nbsp;return&nbsp;false;\n&nbsp;&nbsp;&nbsp;&nbsp;}</pre><h2 style=\"margin: 20px 0px 10px; padding: 0px; font-size: 24px; max-width: 100%; color: rgb(62, 62, 62); white-space: normal; -webkit-print-color-adjust: exact; -webkit-font-smoothing: antialiased; cursor: text; border-bottom: 1px solid rgb(204, 204, 204); font-family: Helvetica, arial, sans-serif; background-color: rgb(255, 255, 255); box-sizing: border-box !important; word-wrap: break-word !important;\"><span style=\"margin: 0px; padding: 0px; max-width: 100%; box-sizing: border-box !important; word-wrap: break-word !important; font-size: 20px;\">四、控件打点的实现方案</span></h2><ul class=\" list-paddingleft-2\" style=\"padding-top: 0px; padding-right: 0px; padding-bottom: 0px; max-width: 100%; color: rgb(62, 62, 62); font-family: -apple-system-font, &quot;Helvetica Neue&quot;, &quot;PingFang SC&quot;, &quot;Hiragino Sans GB&quot;, &quot;Microsoft YaHei&quot;, sans-serif; white-space: normal; background-color: rgb(255, 255, 255); box-sizing: border-box !important; word-wrap: break-word !important;\"><li><p style=\"margin-top: 0px; margin-bottom: 0px; padding: 0px; max-width: 100%; clear: both; min-height: 1em; box-sizing: border-box !important; word-wrap: break-word !important;\">上一个概览图</p></li></ul><p style=\"margin-top: 0px; margin-bottom: 0px; padding: 0px; max-width: 100%; clear: both; min-height: 1em; color: rgb(62, 62, 62); font-family: -apple-system-font, &quot;Helvetica Neue&quot;, &quot;PingFang SC&quot;, &quot;Hiragino Sans GB&quot;, &quot;Microsoft YaHei&quot;, sans-serif; white-space: normal; background-color: rgb(255, 255, 255); box-sizing: border-box !important; word-wrap: break-word !important;\"><img class=\"\" src=\"http://mmbiz.qpic.cn/mmbiz_png/VdC0iaib0bZxeynqMeL0amvWcJoGOh2j1bT9Ddjtic2cAn1iaoawapTlBffIhnR9mWfTVYdFzvmIMS02IBbIHRIYRA/640?wx_fmt=png&tp=webp&wxfrom=5&wx_lazy=1\"/></p><ul class=\" list-paddingleft-2\" style=\"padding-top: 0px; padding-right: 0px; padding-bottom: 0px; max-width: 100%; color: rgb(62, 62, 62); font-family: -apple-system-font, &quot;Helvetica Neue&quot;, &quot;PingFang SC&quot;, &quot;Hiragino Sans GB&quot;, &quot;Microsoft YaHei&quot;, sans-serif; white-space: normal; background-color: rgb(255, 255, 255); box-sizing: border-box !important; word-wrap: break-word !important;\"><li><p style=\"margin-top: 0px; margin-bottom: 0px; padding: 0px; max-width: 100%; clear: both; min-height: 1em; box-sizing: border-box !important; word-wrap: break-word !important;\"><span style=\"margin: 0px; padding: 0px; max-width: 100%; box-sizing: border-box !important; word-wrap: break-word !important; font-size: 15px;\">所谓的控件打点，就是指：点击，长按，选中之类的一系列动作，都要进行打点。简单的做法，在每一个具体的实现方案中打点：形如下面代码</span></p></li></ul><pre style=\"margin-top: 15px; margin-bottom: 15px; padding: 6px 10px; max-width: 100%; color: rgb(62, 62, 62); background-color: rgb(255, 255, 255); -webkit-print-color-adjust: exact; border: 1px solid rgb(204, 204, 204); font-size: 13px; line-height: 19px; overflow: auto; border-radius: 3px; box-sizing: border-box !important; word-wrap: break-word !important;\">//&nbsp;实现自己的TrackOnClickListener,这样就只要填上控件名称和参数就可以了\ntv_product.setOnClickListener(new&nbsp;TrackOnClickListener()&nbsp;{\n&nbsp;&nbsp;&nbsp;&nbsp;&nbsp;&nbsp;&nbsp;&nbsp;&nbsp;&nbsp;&nbsp;&nbsp;public&nbsp;Map&lt;String,&nbsp;String&gt;&nbsp;getTrackParams()&nbsp;{\n&nbsp;&nbsp;&nbsp;&nbsp;&nbsp;&nbsp;&nbsp;&nbsp;&nbsp;&nbsp;&nbsp;&nbsp;&nbsp;&nbsp;&nbsp;&nbsp;HashMap&lt;String,&nbsp;String&gt;&nbsp;map&nbsp;=&nbsp;new&nbsp;HashMap&lt;String,&nbsp;String&gt;();\n&nbsp;&nbsp;&nbsp;&nbsp;&nbsp;&nbsp;&nbsp;&nbsp;&nbsp;&nbsp;&nbsp;&nbsp;&nbsp;&nbsp;&nbsp;&nbsp;map.put(&quot;productId&quot;,&nbsp;&quot;1234567&quot;);\n&nbsp;&nbsp;&nbsp;&nbsp;&nbsp;&nbsp;&nbsp;&nbsp;&nbsp;&nbsp;&nbsp;&nbsp;&nbsp;&nbsp;&nbsp;&nbsp;return&nbsp;map;\n&nbsp;&nbsp;&nbsp;&nbsp;&nbsp;&nbsp;&nbsp;&nbsp;&nbsp;&nbsp;&nbsp;&nbsp;}\n\n&nbsp;&nbsp;&nbsp;&nbsp;&nbsp;&nbsp;&nbsp;&nbsp;&nbsp;&nbsp;&nbsp;&nbsp;public&nbsp;String&nbsp;getClickName()&nbsp;{\n&nbsp;&nbsp;&nbsp;&nbsp;&nbsp;&nbsp;&nbsp;&nbsp;&nbsp;&nbsp;&nbsp;&nbsp;&nbsp;&nbsp;&nbsp;&nbsp;return&nbsp;ControlNames.control_product_click;\n&nbsp;&nbsp;&nbsp;&nbsp;&nbsp;&nbsp;&nbsp;&nbsp;&nbsp;&nbsp;&nbsp;&nbsp;}\n\n&nbsp;&nbsp;&nbsp;&nbsp;&nbsp;&nbsp;&nbsp;&nbsp;&nbsp;&nbsp;&nbsp;&nbsp;@Override\n&nbsp;&nbsp;&nbsp;&nbsp;&nbsp;&nbsp;&nbsp;&nbsp;&nbsp;&nbsp;&nbsp;&nbsp;public&nbsp;void&nbsp;onClick(View&nbsp;v)&nbsp;{\n&nbsp;&nbsp;&nbsp;&nbsp;&nbsp;&nbsp;&nbsp;&nbsp;&nbsp;&nbsp;&nbsp;&nbsp;&nbsp;&nbsp;&nbsp;&nbsp;super.onClick(v);\n&nbsp;&nbsp;&nbsp;&nbsp;&nbsp;&nbsp;&nbsp;&nbsp;&nbsp;&nbsp;&nbsp;&nbsp;&nbsp;&nbsp;&nbsp;&nbsp;Intent&nbsp;i&nbsp;=&nbsp;new&nbsp;Intent(MainActivity.this,&nbsp;ProductActivity.class);\n&nbsp;&nbsp;&nbsp;&nbsp;&nbsp;&nbsp;&nbsp;&nbsp;&nbsp;&nbsp;&nbsp;&nbsp;&nbsp;&nbsp;&nbsp;&nbsp;startActivity(i);\n&nbsp;&nbsp;&nbsp;&nbsp;&nbsp;&nbsp;&nbsp;&nbsp;&nbsp;&nbsp;&nbsp;&nbsp;}\n&nbsp;&nbsp;&nbsp;&nbsp;&nbsp;&nbsp;&nbsp;&nbsp;});\n&nbsp;&nbsp;&nbsp;&nbsp;&nbsp;&nbsp;&nbsp;&nbsp;\n//&nbsp;打点代码的具体实现如下：\n\npublic&nbsp;class&nbsp;TrackOnClickListener&nbsp;implements&nbsp;View.OnClickListener&nbsp;{\n\n&nbsp;&nbsp;&nbsp;&nbsp;public&nbsp;Map&lt;String,&nbsp;String&gt;&nbsp;getTrackParams()&nbsp;{\n&nbsp;&nbsp;&nbsp;&nbsp;&nbsp;&nbsp;&nbsp;&nbsp;return&nbsp;new&nbsp;HashMap&lt;&gt;();\n&nbsp;&nbsp;&nbsp;&nbsp;}\n\n&nbsp;&nbsp;&nbsp;&nbsp;public&nbsp;String&nbsp;getClickName()&nbsp;{\n&nbsp;&nbsp;&nbsp;&nbsp;&nbsp;&nbsp;&nbsp;&nbsp;return&nbsp;&quot;&quot;;\n&nbsp;&nbsp;&nbsp;&nbsp;}\n\n&nbsp;&nbsp;&nbsp;&nbsp;@Override\n&nbsp;&nbsp;&nbsp;&nbsp;public&nbsp;void&nbsp;onClick(View&nbsp;v)&nbsp;{\n&nbsp;&nbsp;&nbsp;&nbsp;&nbsp;&nbsp;&nbsp;&nbsp;MyApp.getApp().trackClick(getClickName(),&nbsp;getTrackParams());\n&nbsp;&nbsp;&nbsp;&nbsp;}\n}\n\n通过这种方式，我们再实现自己的长按和选中，在使用的时候，使用Track相关的Lister，就可以实现打点和业务的解耦了。</pre><h2 style=\"margin: 20px 0px 10px; padding: 0px; font-size: 24px; max-width: 100%; color: rgb(62, 62, 62); white-space: normal; -webkit-print-color-adjust: exact; -webkit-font-smoothing: antialiased; cursor: text; border-bottom: 1px solid rgb(204, 204, 204); font-family: Helvetica, arial, sans-serif; background-color: rgb(255, 255, 255); box-sizing: border-box !important; word-wrap: break-word !important;\"><span style=\"margin: 0px; padding: 0px; max-width: 100%; box-sizing: border-box !important; word-wrap: break-word !important; font-size: 20px;\">五、用户量的打点</span></h2><ul class=\" list-paddingleft-2\" style=\"padding-top: 0px; padding-right: 0px; padding-bottom: 0px; max-width: 100%; color: rgb(62, 62, 62); font-family: -apple-system-font, &quot;Helvetica Neue&quot;, &quot;PingFang SC&quot;, &quot;Hiragino Sans GB&quot;, &quot;Microsoft YaHei&quot;, sans-serif; white-space: normal; background-color: rgb(255, 255, 255); box-sizing: border-box !important; word-wrap: break-word !important;\"><li><p style=\"margin-top: 0px; margin-bottom: 0px; padding: 0px; max-width: 100%; clear: both; min-height: 1em; box-sizing: border-box !important; word-wrap: break-word !important;\">用户量概览图</p></li></ul><p style=\"margin-top: 0px; margin-bottom: 0px; padding: 0px; max-width: 100%; clear: both; min-height: 1em; color: rgb(62, 62, 62); font-family: -apple-system-font, &quot;Helvetica Neue&quot;, &quot;PingFang SC&quot;, &quot;Hiragino Sans GB&quot;, &quot;Microsoft YaHei&quot;, sans-serif; white-space: normal; background-color: rgb(255, 255, 255); box-sizing: border-box !important; word-wrap: break-word !important;\"><img class=\"\" src=\"http://mmbiz.qpic.cn/mmbiz_png/VdC0iaib0bZxeynqMeL0amvWcJoGOh2j1bxIJtrQ2KQqBhpPrp6SUia2l7nBicSKib9zYQO4aruoqxu28MX1uk5PNPA/640?wx_fmt=png&tp=webp&wxfrom=5&wx_lazy=1\"/></p><p style=\"margin-top: 15px; margin-bottom: 15px; padding: 0px; max-width: 100%; clear: both; min-height: 1em; color: rgb(62, 62, 62); white-space: normal; -webkit-print-color-adjust: exact; font-family: Helvetica, arial, sans-serif; font-size: 14px; background-color: rgb(255, 255, 255); box-sizing: border-box !important; word-wrap: break-word !important;\">关于用户量打点，这里最需要关注的就是：我们怎么样去标识一个唯一设备或唯一用户。初步的想法肯定如下：</p><ul class=\" list-paddingleft-2\" style=\"padding-top: 0px; padding-right: 0px; padding-bottom: 0px; max-width: 100%; color: rgb(62, 62, 62); font-family: -apple-system-font, &quot;Helvetica Neue&quot;, &quot;PingFang SC&quot;, &quot;Hiragino Sans GB&quot;, &quot;Microsoft YaHei&quot;, sans-serif; white-space: normal; background-color: rgb(255, 255, 255); box-sizing: border-box !important; word-wrap: break-word !important;\"><li><p style=\"margin-top: 0px; margin-bottom: 0px; padding: 0px; max-width: 100%; clear: both; min-height: 1em; box-sizing: border-box !important; word-wrap: break-word !important;\"><span style=\"margin: 0px; padding: 0px; max-width: 100%; box-sizing: border-box !important; word-wrap: break-word !important; font-size: 15px;\">拿手机号，不就行了？ 【可是如果没有SIM卡呢？或者平板设备本来就没有SIM卡】</span></p></li><li><p style=\"margin-top: 0px; margin-bottom: 0px; padding: 0px; max-width: 100%; clear: both; min-height: 1em; box-sizing: border-box !important; word-wrap: break-word !important;\"><span style=\"margin: 0px; padding: 0px; max-width: 100%; box-sizing: border-box !important; word-wrap: break-word !important; font-size: 15px;\">拿用户登陆用户名啊！ 【可是如果用户没有在登陆状态怎么办？】</span></p></li><li><p style=\"margin-top: 0px; margin-bottom: 0px; padding: 0px; max-width: 100%; clear: both; min-height: 1em; box-sizing: border-box !important; word-wrap: break-word !important;\"><span style=\"margin: 0px; padding: 0px; max-width: 100%; box-sizing: border-box !important; word-wrap: break-word !important; font-size: 15px;\">拿用户手机的IMEI串号啊？ 【可是6.0去行时权限，拿IMEI需要权限】</span></p></li><li><p style=\"margin-top: 0px; margin-bottom: 0px; padding: 0px; max-width: 100%; clear: both; min-height: 1em; box-sizing: border-box !important; word-wrap: break-word !important;\"><span style=\"margin: 0px; padding: 0px; max-width: 100%; box-sizing: border-box !important; word-wrap: break-word !important; font-size: 15px;\">那运行的时候，自动生成一个ID，后面直接用这个ID 【想法不错，但如果用户刷机呢？一切荡然无存，又会被计算成一个新用户】</span></p></li></ul><p style=\"margin-top: 15px; margin-bottom: 15px; padding: 0px; max-width: 100%; clear: both; min-height: 1em; color: rgb(62, 62, 62); white-space: normal; -webkit-print-color-adjust: exact; font-family: Helvetica, arial, sans-serif; font-size: 14px; background-color: rgb(255, 255, 255); box-sizing: border-box !important; word-wrap: break-word !important;\">这个时候，是不是想骂娘了？ What can i do? 没想到一个小小的ID都有这么多事！去搜搜看吧。</p><table width=\"903\" style=\"width: 688px;\"><thead style=\"margin: 0px; padding: 0px; max-width: 100%; box-sizing: border-box !important; word-wrap: break-word !important; -webkit-print-color-adjust: exact;\"><tr style=\"margin: 0px; padding: 0px; max-width: 100%; box-sizing: border-box !important; word-wrap: break-word !important; -webkit-print-color-adjust: exact; border-top: 1px solid rgb(204, 204, 204);\" class=\"firstRow\"><th width=\"157\" style=\"margin: 0px; padding: 6px 13px; word-break: break-all; border-color: rgb(204, 204, 204); background-image: initial; background-position: initial; background-size: initial; background-repeat: initial; background-attachment: initial; background-origin: initial; background-clip: initial; max-width: 100%; -webkit-print-color-adjust: exact; word-wrap: break-word !important; box-sizing: border-box !important;\">Identifier</th><th width=\"112\" style=\"margin: 0px; padding: 6px 13px; word-break: break-all; border-color: rgb(204, 204, 204); background-image: initial; background-position: initial; background-size: initial; background-repeat: initial; background-attachment: initial; background-origin: initial; background-clip: initial; max-width: 100%; -webkit-print-color-adjust: exact; word-wrap: break-word !important; box-sizing: border-box !important;\">Example Value</th><th width=\"105\" style=\"margin: 0px; padding: 6px 13px; word-break: break-all; border-color: rgb(204, 204, 204); background-image: initial; background-position: initial; background-size: initial; background-repeat: initial; background-attachment: initial; background-origin: initial; background-clip: initial; max-width: 100%; -webkit-print-color-adjust: exact; word-wrap: break-word !important; box-sizing: border-box !important;\">Permission Required</th></tr></thead><tbody style=\"margin: 0px; padding: 0px; max-width: 100%; box-sizing: border-box !important; word-wrap: break-word !important; -webkit-print-color-adjust: exact;\"><tr style=\"margin: 0px; padding: 0px; max-width: 100%; box-sizing: border-box !important; word-wrap: break-word !important; -webkit-print-color-adjust: exact; border-top: 1px solid rgb(204, 204, 204);\"><td width=\"157\" style=\"margin: 0px; padding: 6px 13px; word-break: break-all; border-color: rgb(204, 204, 204); max-width: 100%; -webkit-print-color-adjust: exact; word-wrap: break-word !important; box-sizing: border-box !important;\"><span style=\"margin: 0px; padding: 0px; max-width: 100%; box-sizing: border-box !important; word-wrap: break-word !important; font-size: 14px;\">Android ID via Settings.Secure</span></td><td width=\"133\" style=\"margin: 0px; padding: 6px 13px; word-break: break-all; border-color: rgb(204, 204, 204); max-width: 100%; -webkit-print-color-adjust: exact; word-wrap: break-word !important; box-sizing: border-box !important;\"><span style=\"margin: 0px; padding: 0px; max-width: 100%; box-sizing: border-box !important; word-wrap: break-word !important; font-size: 14px;\">2fc4b5912826ad1</span></td><td width=\"105\" style=\"margin: 0px; padding: 6px 13px; word-break: break-all; border-color: rgb(204, 204, 204); max-width: 100%; -webkit-print-color-adjust: exact; word-wrap: break-word !important; box-sizing: border-box !important;\"><span style=\"margin: 0px; padding: 0px; max-width: 100%; box-sizing: border-box !important; word-wrap: break-word !important; font-size: 14px;\">NONE</span></td></tr><tr style=\"margin: 0px; padding: 0px; max-width: 100%; box-sizing: border-box !important; word-wrap: break-word !important; -webkit-print-color-adjust: exact; border-top: 1px solid rgb(204, 204, 204); background-color: rgb(248, 248, 248);\"><td width=\"157\" style=\"margin: 0px; padding: 6px 13px; word-break: break-all; border-color: rgb(204, 204, 204); max-width: 100%; -webkit-print-color-adjust: exact; word-wrap: break-word !important; box-sizing: border-box !important;\"><span style=\"margin: 0px; padding: 0px; max-width: 100%; box-sizing: border-box !important; word-wrap: break-word !important; font-size: 14px;\">Android Build.SERIAL</span></td><td width=\"133\" style=\"margin: 0px; padding: 6px 13px; word-break: break-all; border-color: rgb(204, 204, 204); max-width: 100%; -webkit-print-color-adjust: exact; word-wrap: break-word !important; box-sizing: border-box !important;\"><span style=\"margin: 0px; padding: 0px; max-width: 100%; box-sizing: border-box !important; word-wrap: break-word !important; font-size: 14px;\">HT6C90202028</span></td><td width=\"105\" style=\"margin: 0px; padding: 6px 13px; word-break: break-all; border-color: rgb(204, 204, 204); max-width: 100%; -webkit-print-color-adjust: exact; word-wrap: break-word !important; box-sizing: border-box !important;\"><span style=\"margin: 0px; padding: 0px; max-width: 100%; box-sizing: border-box !important; word-wrap: break-word !important; font-size: 14px;\">NONE</span></td></tr><tr style=\"margin: 0px; padding: 0px; max-width: 100%; box-sizing: border-box !important; word-wrap: break-word !important; -webkit-print-color-adjust: exact; border-top: 1px solid rgb(204, 204, 204);\"><td width=\"157\" style=\"margin: 0px; padding: 6px 13px; word-break: break-all; border-color: rgb(204, 204, 204); max-width: 100%; -webkit-print-color-adjust: exact; word-wrap: break-word !important; box-sizing: border-box !important;\"><span style=\"margin: 0px; padding: 0px; max-width: 100%; box-sizing: border-box !important; word-wrap: break-word !important; font-size: 14px;\">Android Build.MODEL</span></td><td width=\"133\" style=\"margin: 0px; padding: 6px 13px; word-break: break-all; border-color: rgb(204, 204, 204); max-width: 100%; -webkit-print-color-adjust: exact; word-wrap: break-word !important; box-sizing: border-box !important;\"><span style=\"margin: 0px; padding: 0px; max-width: 100%; box-sizing: border-box !important; word-wrap: break-word !important; font-size: 14px;\">Pixel XL</span></td><td width=\"105\" style=\"margin: 0px; padding: 6px 13px; word-break: break-all; border-color: rgb(204, 204, 204); max-width: 100%; -webkit-print-color-adjust: exact; word-wrap: break-word !important; box-sizing: border-box !important;\"><span style=\"margin: 0px; padding: 0px; max-width: 100%; box-sizing: border-box !important; word-wrap: break-word !important; font-size: 14px;\">NONE</span></td></tr><tr style=\"margin: 0px; padding: 0px; max-width: 100%; box-sizing: border-box !important; word-wrap: break-word !important; -webkit-print-color-adjust: exact; border-top: 1px solid rgb(204, 204, 204); background-color: rgb(248, 248, 248);\"><td width=\"157\" style=\"margin: 0px; padding: 6px 13px; word-break: break-all; border-color: rgb(204, 204, 204); max-width: 100%; -webkit-print-color-adjust: exact; word-wrap: break-word !important; box-sizing: border-box !important;\"><span style=\"margin: 0px; padding: 0px; max-width: 100%; box-sizing: border-box !important; word-wrap: break-word !important; font-size: 14px;\">Android Build.BRAND</span></td><td width=\"133\" style=\"margin: 0px; padding: 6px 13px; word-break: break-all; border-color: rgb(204, 204, 204); max-width: 100%; -webkit-print-color-adjust: exact; word-wrap: break-word !important; box-sizing: border-box !important;\"><span style=\"margin: 0px; padding: 0px; max-width: 100%; box-sizing: border-box !important; word-wrap: break-word !important; font-size: 14px;\">google</span></td><td width=\"105\" style=\"margin: 0px; padding: 6px 13px; word-break: break-all; border-color: rgb(204, 204, 204); max-width: 100%; -webkit-print-color-adjust: exact; word-wrap: break-word !important; box-sizing: border-box !important;\"><span style=\"margin: 0px; padding: 0px; max-width: 100%; box-sizing: border-box !important; word-wrap: break-word !important; font-size: 14px;\">NONE</span></td></tr><tr style=\"margin: 0px; padding: 0px; max-width: 100%; box-sizing: border-box !important; word-wrap: break-word !important; -webkit-print-color-adjust: exact; border-top: 1px solid rgb(204, 204, 204);\"><td width=\"157\" style=\"margin: 0px; padding: 6px 13px; word-break: break-all; border-color: rgb(204, 204, 204); max-width: 100%; -webkit-print-color-adjust: exact; word-wrap: break-word !important; box-sizing: border-box !important;\"><span style=\"margin: 0px; padding: 0px; max-width: 100%; box-sizing: border-box !important; word-wrap: break-word !important; font-size: 14px;\">Android Build.MANUFACTURER</span></td><td width=\"133\" style=\"margin: 0px; padding: 6px 13px; word-break: break-all; border-color: rgb(204, 204, 204); max-width: 100%; -webkit-print-color-adjust: exact; word-wrap: break-word !important; box-sizing: border-box !important;\"><span style=\"margin: 0px; padding: 0px; max-width: 100%; box-sizing: border-box !important; word-wrap: break-word !important; font-size: 14px;\">Google</span></td><td width=\"105\" style=\"margin: 0px; padding: 6px 13px; word-break: break-all; border-color: rgb(204, 204, 204); max-width: 100%; -webkit-print-color-adjust: exact; word-wrap: break-word !important; box-sizing: border-box !important;\"><span style=\"margin: 0px; padding: 0px; max-width: 100%; box-sizing: border-box !important; word-wrap: break-word !important; font-size: 14px;\">NONE</span></td></tr><tr style=\"margin: 0px; padding: 0px; max-width: 100%; box-sizing: border-box !important; word-wrap: break-word !important; -webkit-print-color-adjust: exact; border-top: 1px solid rgb(204, 204, 204); background-color: rgb(248, 248, 248);\"><td width=\"157\" style=\"margin: 0px; padding: 6px 13px; word-break: break-all; border-color: rgb(204, 204, 204); max-width: 100%; -webkit-print-color-adjust: exact; word-wrap: break-word !important; box-sizing: border-box !important;\"><span style=\"margin: 0px; padding: 0px; max-width: 100%; box-sizing: border-box !important; word-wrap: break-word !important; font-size: 14px;\">Android Build.DEVICE</span></td><td width=\"133\" style=\"margin: 0px; padding: 6px 13px; word-break: break-all; border-color: rgb(204, 204, 204); max-width: 100%; -webkit-print-color-adjust: exact; word-wrap: break-word !important; box-sizing: border-box !important;\"><span style=\"margin: 0px; padding: 0px; max-width: 100%; box-sizing: border-box !important; word-wrap: break-word !important; font-size: 14px;\">marlin</span></td><td width=\"105\" style=\"margin: 0px; padding: 6px 13px; word-break: break-all; border-color: rgb(204, 204, 204); max-width: 100%; -webkit-print-color-adjust: exact; word-wrap: break-word !important; box-sizing: border-box !important;\"><span style=\"margin: 0px; padding: 0px; max-width: 100%; box-sizing: border-box !important; word-wrap: break-word !important; font-size: 14px;\">NONE</span></td></tr><tr style=\"margin: 0px; padding: 0px; max-width: 100%; box-sizing: border-box !important; word-wrap: break-word !important; -webkit-print-color-adjust: exact; border-top: 1px solid rgb(204, 204, 204);\"><td width=\"157\" style=\"margin: 0px; padding: 6px 13px; word-break: break-all; border-color: rgb(204, 204, 204); max-width: 100%; -webkit-print-color-adjust: exact; word-wrap: break-word !important; box-sizing: border-box !important;\"><span style=\"margin: 0px; padding: 0px; max-width: 100%; box-sizing: border-box !important; word-wrap: break-word !important; font-size: 14px;\">Android Build.PRODUCT</span></td><td width=\"133\" style=\"margin: 0px; padding: 6px 13px; word-break: break-all; border-color: rgb(204, 204, 204); max-width: 100%; -webkit-print-color-adjust: exact; word-wrap: break-word !important; box-sizing: border-box !important;\"><span style=\"margin: 0px; padding: 0px; max-width: 100%; box-sizing: border-box !important; word-wrap: break-word !important; font-size: 14px;\">marlin</span></td><td width=\"105\" style=\"margin: 0px; padding: 6px 13px; word-break: break-all; border-color: rgb(204, 204, 204); max-width: 100%; -webkit-print-color-adjust: exact; word-wrap: break-word !important; box-sizing: border-box !important;\"><span style=\"margin: 0px; padding: 0px; max-width: 100%; box-sizing: border-box !important; word-wrap: break-word !important; font-size: 14px;\">NONE</span></td></tr><tr style=\"margin: 0px; padding: 0px; max-width: 100%; box-sizing: border-box !important; word-wrap: break-word !important; -webkit-print-color-adjust: exact; border-top: 1px solid rgb(204, 204, 204); background-color: rgb(248, 248, 248);\"><td width=\"157\" style=\"margin: 0px; padding: 6px 13px; word-break: break-all; border-color: rgb(204, 204, 204); max-width: 100%; -webkit-print-color-adjust: exact; word-wrap: break-word !important; box-sizing: border-box !important;\"><span style=\"margin: 0px; padding: 0px; max-width: 100%; box-sizing: border-box !important; word-wrap: break-word !important; font-size: 14px;\">IMEI</span></td><td width=\"133\" style=\"margin: 0px; padding: 6px 13px; word-break: break-all; border-color: rgb(204, 204, 204); max-width: 100%; -webkit-print-color-adjust: exact; word-wrap: break-word !important; box-sizing: border-box !important;\"><span style=\"margin: 0px; padding: 0px; max-width: 100%; box-sizing: border-box !important; word-wrap: break-word !important; font-size: 14px;\">352698276144152</span></td><td width=\"105\" style=\"margin: 0px; padding: 6px 13px; word-break: break-all; border-color: rgb(204, 204, 204); max-width: 100%; -webkit-print-color-adjust: exact; word-wrap: break-word !important; box-sizing: border-box !important;\"><span style=\"margin: 0px; padding: 0px; max-width: 100%; box-sizing: border-box !important; word-wrap: break-word !important; font-size: 14px;\">READ<em style=\"margin: 0px; padding: 0px; max-width: 100%; -webkit-print-color-adjust: exact; box-sizing: border-box !important; word-wrap: break-word !important;\">PHONE</em>STATE</span></td></tr><tr style=\"margin: 0px; padding: 0px; max-width: 100%; box-sizing: border-box !important; word-wrap: break-word !important; -webkit-print-color-adjust: exact; border-top: 1px solid rgb(204, 204, 204);\"><td width=\"157\" style=\"margin: 0px; padding: 6px 13px; word-break: break-all; border-color: rgb(204, 204, 204); max-width: 100%; -webkit-print-color-adjust: exact; word-wrap: break-word !important; box-sizing: border-box !important;\"><span style=\"margin: 0px; padding: 0px; max-width: 100%; box-sizing: border-box !important; word-wrap: break-word !important; font-size: 14px;\">Phone Number</span></td><td width=\"133\" style=\"margin: 0px; padding: 6px 13px; word-break: break-all; border-color: rgb(204, 204, 204); max-width: 100%; -webkit-print-color-adjust: exact; word-wrap: break-word !important; box-sizing: border-box !important;\"><span style=\"margin: 0px; padding: 0px; max-width: 100%; box-sizing: border-box !important; word-wrap: break-word !important; font-size: 14px;\">2028675309</span></td><td width=\"105\" style=\"margin: 0px; padding: 6px 13px; word-break: break-all; border-color: rgb(204, 204, 204); max-width: 100%; -webkit-print-color-adjust: exact; word-wrap: break-word !important; box-sizing: border-box !important;\"><span style=\"margin: 0px; padding: 0px; max-width: 100%; box-sizing: border-box !important; word-wrap: break-word !important; font-size: 14px;\">READ<em style=\"margin: 0px; padding: 0px; max-width: 100%; -webkit-print-color-adjust: exact; box-sizing: border-box !important; word-wrap: break-word !important;\">PHONE</em>STATE or READ_SMS</span></td></tr><tr style=\"margin: 0px; padding: 0px; max-width: 100%; box-sizing: border-box !important; word-wrap: break-word !important; -webkit-print-color-adjust: exact; border-top: 1px solid rgb(204, 204, 204); background-color: rgb(248, 248, 248);\"><td width=\"157\" style=\"margin: 0px; padding: 6px 13px; word-break: break-all; border-color: rgb(204, 204, 204); max-width: 100%; -webkit-print-color-adjust: exact; word-wrap: break-word !important; box-sizing: border-box !important;\"><span style=\"margin: 0px; padding: 0px; max-width: 100%; box-sizing: border-box !important; word-wrap: break-word !important; font-size: 14px;\">ICCID (Sim Serial Number)</span></td><td width=\"133\" style=\"margin: 0px; padding: 6px 13px; word-break: break-all; border-color: rgb(204, 204, 204); max-width: 100%; -webkit-print-color-adjust: exact; word-wrap: break-word !important; box-sizing: border-box !important;\"><span style=\"margin: 0px; padding: 0px; max-width: 100%; box-sizing: border-box !important; word-wrap: break-word !important; font-size: 14px;\">311477629513071</span></td><td width=\"105\" style=\"margin: 0px; padding: 6px 13px; word-break: break-all; border-color: rgb(204, 204, 204); max-width: 100%; -webkit-print-color-adjust: exact; word-wrap: break-word !important; box-sizing: border-box !important;\"><span style=\"margin: 0px; padding: 0px; max-width: 100%; box-sizing: border-box !important; word-wrap: break-word !important; font-size: 14px;\">READ<em style=\"margin: 0px; padding: 0px; max-width: 100%; -webkit-print-color-adjust: exact; box-sizing: border-box !important; word-wrap: break-word !important;\">PHONE</em>STATE</span></td></tr></tbody></table><p style=\"margin-top: 15px; margin-bottom: 15px; padding: 0px; max-width: 100%; clear: both; min-height: 1em; color: rgb(62, 62, 62); white-space: normal; -webkit-print-color-adjust: exact; font-family: Helvetica, arial, sans-serif; font-size: 14px; background-color: rgb(255, 255, 255); box-sizing: border-box !important; word-wrap: break-word !important;\">上图表格来自于：identifying-an-android-device</p><p style=\"margin-top: 15px; margin-bottom: 15px; padding: 0px; max-width: 100%; clear: both; min-height: 1em; color: rgb(62, 62, 62); white-space: normal; -webkit-print-color-adjust: exact; font-family: Helvetica, arial, sans-serif; font-size: 14px; background-color: rgb(255, 255, 255); box-sizing: border-box !important; word-wrap: break-word !important;\">在上面的文章中，介绍到了一种ID方法：Identifying App Installations</p><p style=\"margin-top: 15px; margin-bottom: 15px; padding: 0px; max-width: 100%; clear: both; min-height: 1em; color: rgb(62, 62, 62); white-space: normal; -webkit-print-color-adjust: exact; font-family: Helvetica, arial, sans-serif; font-size: 14px; background-color: rgb(255, 255, 255); box-sizing: border-box !important; word-wrap: break-word !important;\">即安装每个App安装的时候，获得一个ID, 实现代码如下：</p><pre style=\"margin-top: 15px; margin-bottom: 15px; padding: 6px 10px; max-width: 100%; color: rgb(62, 62, 62); background-color: rgb(255, 255, 255); -webkit-print-color-adjust: exact; border: 1px solid rgb(204, 204, 204); font-size: 13px; line-height: 19px; overflow: auto; border-radius: 3px; box-sizing: border-box !important; word-wrap: break-word !important;\">public&nbsp;class&nbsp;Installation&nbsp;{\n&nbsp;&nbsp;&nbsp;&nbsp;private&nbsp;static&nbsp;String&nbsp;sID&nbsp;=&nbsp;null;\n&nbsp;&nbsp;&nbsp;&nbsp;private&nbsp;static&nbsp;final&nbsp;String&nbsp;INSTALLATION&nbsp;=&nbsp;&quot;INSTALLATION&quot;;\n\n&nbsp;&nbsp;&nbsp;&nbsp;public&nbsp;synchronized&nbsp;static&nbsp;String&nbsp;id(Context&nbsp;context)&nbsp;{\n&nbsp;&nbsp;&',1,15,1524,344),
(19,'TestAdd','TestAdd','2018-01-02 10:01:12','<p>TestAdd</p>',1,1,8255,743);

/*Table structure for table `course_category` */

DROP TABLE IF EXISTS `course_category`;

CREATE TABLE `course_category` (
  `category_id` tinyint(3) unsigned NOT NULL AUTO_INCREMENT COMMENT '分类ID',
  `name` varchar(20) NOT NULL COMMENT '分类名称, [如:服务端,人工智能]',
  `note` varchar(300) DEFAULT NULL COMMENT '备注',
  `date` varchar(20) NOT NULL COMMENT '添加日期',
  PRIMARY KEY (`category_id`)
) ENGINE=MyISAM AUTO_INCREMENT=12 DEFAULT CHARSET=utf8;

/*Data for the table `course_category` */

insert  into `course_category`(`category_id`,`name`,`note`,`date`) values 
(1,'移动开发','','2017-12-23 15:50:00'),
(2,'前端开发','','2017-12-23 15:50:00'),
(3,'服务端开发','','2017-12-23 15:50:00'),
(4,'云计算','','2017-12-23 15:50:00'),
(5,'其它','','2017-12-23 15:50:00'),
(6,'人工智能','人工智能','2017-12-29 15:22:11');

/*Table structure for table `course_type` */

DROP TABLE IF EXISTS `course_type`;

CREATE TABLE `course_type` (
  `type_id` tinyint(3) unsigned NOT NULL AUTO_INCREMENT COMMENT '课程类型ID',
  `name` varchar(50) NOT NULL COMMENT '课程类型名称，如Android',
  `note` varchar(300) DEFAULT NULL COMMENT '备注',
  `date` varchar(20) NOT NULL COMMENT '添加时间:格式如,2017-05-01 12:30:25',
  `category_id` tinyint(4) NOT NULL COMMENT '引用course_type表的ID',
  PRIMARY KEY (`type_id`)
) ENGINE=MyISAM AUTO_INCREMENT=33 DEFAULT CHARSET=utf8;

/*Data for the table `course_type` */

insert  into `course_type`(`type_id`,`name`,`note`,`date`,`category_id`) values 
(1,'IOS','','2017-12-23 14:54:00',1),
(2,'HTML','HTML','2018-1-2 11:46:22',2),
(4,'ReactNative','ios.android','2018-1-2 11:43:6',1),
(5,'WinPhone','WinPhone','2018-1-2 11:45:58',1),
(6,'机器学习','机器学习','2017-12-29 15:23:12',6),
(7,'Java','Java','2018-1-2 11:50:50',3),
(8,'Linux','Linux','2018-1-2 11:52:56',5),
(9,'Spark','大数据','2018-1-2 11:53:21',4),
(10,'深度学习','深度学习','2017-12-29 15:23:00',6),
(11,'语音识别','语音识别','2017-12-29 15:23:12',6),
(30,'计算机视觉','计算机视觉','2018-1-2 16:8:30',6),
(15,'Android','android','2018-1-2 15:58:58',1),
(13,'Docker','Docker','2018-1-2 11:53:22',4),
(14,'CSS','CSS','2018-1-2 11:46:32',2),
(18,'JavaScript','JavaScript','2018-1-2 16:0:39',2),
(16,'微信开发','微信开发','2018-1-2 15:59:30',1),
(17,'Swift','Swift','2018-1-2 15:59:58',1),
(19,'JQuery','JQuery','2018-1-2 16:0:51',2),
(20,'ExtJS','ExtJS','2018-1-2 16:1:8',2),
(21,'BootStrap','BootStrap','2018-1-2 16:1:31',2),
(22,'AngularJs','AngularJs','2018-1-2 16:2:4',2),
(23,'ReactJS','ReactJS','2018-1-2 16:2:16',2),
(24,'Vue','Vue','2018-1-2 16:2:31',2),
(25,'PHP','PHP','2018-1-2 16:3:3',3),
(26,'Hadoop','Hadoop','2018-1-2 16:5:10',4),
(27,'OpenStack','OpenStack','2018-1-2 16:5:43',4),
(28,'云平台','云平台','2018-1-2 16:6:23',4),
(29,'虚拟化技术','虚拟化技术','2018-1-2 16:6:49',4),
(31,'NLP','NLP','2018-1-2 16:8:45',6),
(32,'node','node','2018-1-2 17:3:9',3);

/*Table structure for table `role` */

DROP TABLE IF EXISTS `role`;

CREATE TABLE `role` (
  `role_id` tinyint(3) unsigned NOT NULL AUTO_INCREMENT COMMENT '自增长ID',
  `role_name` varchar(50) NOT NULL COMMENT '名称',
  `desc` varchar(150) DEFAULT NULL COMMENT '描述',
  PRIMARY KEY (`role_id`)
) ENGINE=InnoDB DEFAULT CHARSET=utf8;

/*Data for the table `role` */

/*Table structure for table `user` */

DROP TABLE IF EXISTS `user`;

CREATE TABLE `user` (
  `user_id` int(10) unsigned NOT NULL AUTO_INCREMENT COMMENT '用户表自增ID',
  `account` varchar(50) NOT NULL COMMENT '登录账号',
  `name` varchar(50) DEFAULT NULL COMMENT '名称，类似昵称',
  `role_id` int(10) unsigned NOT NULL COMMENT '角色，对应有哪些权限',
  `date` varchar(20) NOT NULL COMMENT '注册时间',
  `password` varchar(20) NOT NULL COMMENT '登录密码',
  `avatar` varchar(150) DEFAULT NULL COMMENT '头像',
  `gender` tinyint(1) unsigned DEFAULT '2' COMMENT '性别',
  PRIMARY KEY (`user_id`)
) ENGINE=InnoDB DEFAULT CHARSET=utf8;

/*Data for the table `user` */

/*!40101 SET SQL_MODE=@OLD_SQL_MODE */;
/*!40014 SET FOREIGN_KEY_CHECKS=@OLD_FOREIGN_KEY_CHECKS */;
/*!40014 SET UNIQUE_CHECKS=@OLD_UNIQUE_CHECKS */;
/*!40111 SET SQL_NOTES=@OLD_SQL_NOTES */;
